Email,Name,Description
user1@example.com,Test User 1,Senior Developer
user2@example.com,Test User 2,Marketing Lead
user3@example.com,Test User 3,UX Designer
user4@example.com,Test User 4,Business Analyst
user5@example.com,Test User 5,CEO
user6@example.com,Test User 6,Product Manager
user7@example.com,Test User 7,Software Engineer
user8@example.com,Test User 8,Data Scientist
user9@example.com,Test User 9,HR Manager
user10@example.com,Test User 10,CTO
user11@example.com,Test User 11,Finance Analyst
user12@example.com,Test User 12,Operations Manager
user13@example.com,Test User 13,Security Analyst
user14@example.com,Test User 14,Cloud Engineer
user15@example.com,Test User 15,DevOps Engineer
user16@example.com,Test User 16,QA Engineer
user17@example.com,Test User 17,Technical Writer
user18@example.com,Test User 18,IT Support
user19@example.com,Test User 19,Project Manager
user20@example.com,Test User 20,System Administrator
user21@example.com,Test User 21,Database Administrator
user22@example.com,Test User 22,AI Engineer
user23@example.com,Test User 23,Machine Learning Engineer
user24@example.com,Test User 24,Game Developer
user25@example.com,Test User 25,Network Engineer
